id	color
01001	#8dd3c7
01003	#bc80bd
01005	#fccde5
01007	#bc80bd
01009	#fccde5
01011	#fccde5
01013	#fccde5
01015	#fccde5
01017	#8dd3c7
01019	#fccde5
01021	#fb8072
01023	#fccde5
01025	#bc80bd
01027	#fccde5
01029	#fccde5
01031	#fccde5
01033	#fccde5
01035	#8dd3c7
01037	#fb8072
01039	#fccde5
01041	#fccde5
01043	#fccde5
01045	#fccde5
01047	#8dd3c7
01049	#fccde5
01051	#8dd3c7
01053	#8dd3c7
01055	#fccde5
01057	#fccde5
01059	#fccde5
01061	#fccde5
01063	#ffffb3
01065	#8dd3c7
01067	#fccde5
01069	#fccde5
01071	#fccde5
01073	#80b1d3
01075	#fdb462
01077	#fccde5
01079	#fccde5
01081	#fccde5
01083	#bebada
01085	#8dd3c7
01087	#8dd3c7
01089	#bebada
01091	#8dd3c7
01093	#fccde5
01095	#fccde5
01097	#8dd3c7
01099	#bebada
01101	#8dd3c7
01103	#fccde5
01105	#8dd3c7
01107	#fccde5
01109	#fccde5
01111	#fccde5
01113	#8dd3c7
01115	#fccde5
01117	#8dd3c7
01119	#8dd3c7
01121	#fccde5
01123	#fccde5
01125	#fccde5
01127	#fccde5
01129	#fccde5
01131	#8dd3c7
01133	#fccde5
02nan	#bc80bd
04001	#8dd3c7
04003	#8dd3c7
04005	#8dd3c7
04007	#8dd3c7
04009	#ffffb3
04011	#fccde5
04012	#bc80bd
04013	#fdb462
04015	#fb8072
04017	#bc80bd
04019	#ccebc5
04021	#8dd3c7
04023	#8dd3c7
04025	#fb8072
04027	#bc80bd
05001	#d9d9d9
05003	#bebada
05005	#8dd3c7
05007	#fccde5
05009	#fccde5
05011	#fccde5
05013	#8dd3c7
05015	#fccde5
05017	#d9d9d9
05019	#fccde5
05021	#d9d9d9
05023	#fccde5
05025	#fccde5
05027	#fccde5
05029	#fccde5
05031	#bebada
05033	#fccde5
05035	#d9d9d9
05037	#d9d9d9
05039	#8dd3c7
05041	#bebada
05043	#bebada
05045	#8dd3c7
05047	#fccde5
05049	#8dd3c7
05051	#fccde5
05053	#8dd3c7
05055	#d9d9d9
05057	#fccde5
05059	#8dd3c7
05061	#fccde5
05063	#fccde5
05065	#fccde5
05067	#d9d9d9
05069	#d9d9d9
05071	#fccde5
05073	#fccde5
05075	#d9d9d9
05077	#bebada
05079	#fccde5
05081	#fccde5
05083	#fccde5
05085	#d9d9d9
05087	#fccde5
05089	#fccde5
05091	#fccde5
05093	#bebada
05095	#d9d9d9
05097	#fccde5
05099	#fccde5
05101	#8dd3c7
05103	#fccde5
05105	#fccde5
05107	#bebada
05109	#fccde5
05111	#d9d9d9
05113	#fccde5
05115	#fccde5
05117	#d9d9d9
05119	#d9d9d9
05121	#fccde5
05123	#d9d9d9
05125	#8dd3c7
05127	#fccde5
05129	#8dd3c7
05131	#fccde5
05133	#fccde5
05135	#fccde5
05137	#fccde5
05139	#fccde5
05141	#fccde5
05143	#fccde5
05145	#8dd3c7
05147	#d9d9d9
05149	#fccde5
06001	#fb8072
06003	#000000
06005	#fb8072
06007	#fb8072
06009	#8dd3c7
06011	#bc80bd
06013	#bc80bd
06015	#fdb462
06017	#fb8072
06019	#fb8072
06021	#fb8072
06023	#fdb462
06025	#8dd3c7
06027	#8dd3c7
06029	#fb8072
06031	#fdb462
06033	#fb8072
06035	#8dd3c7
06037	#bc80bd
06039	#fb8072
06041	#fdb462
06043	#8dd3c7
06045	#fb8072
06047	#fdb462
06049	#8dd3c7
06051	#bc80bd
06053	#bc80bd
06055	#fb8072
06057	#fb8072
06059	#fb8072
06061	#8dd3c7
06063	#8dd3c7
06065	#fb8072
06067	#fb8072
06069	#bc80bd
06071	#fdb462
06073	#fb8072
06077	#fb8072
06079	#bc80bd
06081	#bc80bd
06083	#bc80bd
06085	#bc80bd
06087	#fb8072
06089	#8dd3c7
06091	#8dd3c7
06093	#bc80bd
06095	#fb8072
06097	#fb8072
06099	#fdb462
06101	#fb8072
06103	#fb8072
06105	#8dd3c7
06107	#fb8072
06109	#fccde5
06111	#fb8072
06113	#bc80bd
06115	#fb8072
08001	#bc80bd
08003	#bc80bd
08005	#ccebc5
08007	#8dd3c7
08009	#8dd3c7
08011	#ffffb3
08013	#bc80bd
08015	#8dd3c7
08017	#8dd3c7
08019	#000000
08021	#8dd3c7
08023	#bc80bd
08025	#8dd3c7
08027	#8dd3c7
08029	#8dd3c7
08033	#8dd3c7
08035	#8dd3c7
08037	#8dd3c7
08039	#8dd3c7
08041	#8dd3c7
08043	#fdb462
08045	#8dd3c7
08047	#8dd3c7
08049	#8dd3c7
08051	#000000
08053	#8dd3c7
08055	#000000
08057	#80b1d3
08059	#8dd3c7
08061	#ccebc5
08063	#ffffb3
08065	#8dd3c7
08067	#8dd3c7
08069	#fdb462
08071	#8dd3c7
08073	#8dd3c7
08075	#8dd3c7
08077	#8dd3c7
08079	#8dd3c7
08081	#8dd3c7
08083	#8dd3c7
08085	#8dd3c7
08087	#8dd3c7
08089	#8dd3c7
08091	#8dd3c7
08093	#8dd3c7
08095	#ffffb3
08097	#8dd3c7
08099	#8dd3c7
08101	#bc80bd
08103	#8dd3c7
08105	#bc80bd
08107	#8dd3c7
08109	#bc80bd
08113	#8dd3c7
08115	#ffffb3
08117	#8dd3c7
08119	#8dd3c7
08121	#8dd3c7
08123	#8dd3c7
08125	#8dd3c7
09001	#bc80bd
09003	#bc80bd
09005	#fdb462
09007	#fb8072
09009	#bc80bd
09011	#8dd3c7
09013	#fdb462
09015	#fdb462
10001	#bc80bd
10003	#d9d9d9
10005	#fccde5
12001	#bc80bd
12003	#fccde5
12005	#fb8072
12007	#fccde5
12009	#fb8072
12011	#bc80bd
12013	#bebada
12015	#fb8072
12017	#fb8072
12019	#fdb462
12021	#bc80bd
12023	#fdb462
12027	#fb8072
12029	#fdb462
12031	#fdb462
12033	#bebada
12035	#bc80bd
12037	#000000
12039	#8dd3c7
12041	#fdb462
12043	#000000
12045	#8dd3c7
12047	#fccde5
12049	#fb8072
12051	#fb8072
12053	#fdb462
12055	#fb8072
12057	#fb8072
12059	#fccde5
12061	#fb8072
12063	#bc80bd
12065	#fdb462
12067	#fdb462
12069	#fb8072
12071	#fb8072
12073	#fb8072
12075	#fdb462
12077	#8dd3c7
12079	#fccde5
12081	#bc80bd
12083	#fdb462
12085	#fb8072
12086	#bc80bd
12087	#fb8072
12089	#fccde5
12091	#fccde5
12093	#fdb462
12095	#8dd3c7
12097	#8dd3c7
12099	#bc80bd
12101	#fb8072
12103	#b3de69
12105	#fb8072
12107	#bc80bd
12109	#bc80bd
12111	#fb8072
12113	#bebada
12115	#fb8072
12117	#fb8072
12119	#8dd3c7
12121	#fccde5
12123	#fccde5
12125	#fccde5
12127	#fb8072
12129	#8dd3c7
12131	#fccde5
12133	#8dd3c7
13001	#bebada
13003	#fccde5
13005	#fccde5
13007	#fccde5
13009	#fccde5
13011	#fccde5
13013	#fccde5
13015	#fccde5
13017	#fccde5
13019	#bebada
13021	#fccde5
13023	#bebada
13025	#fccde5
13027	#bc80bd
13029	#8dd3c7
13031	#bebada
13033	#bebada
13035	#8dd3c7
13037	#bebada
13039	#8dd3c7
13043	#bebada
13045	#fccde5
13047	#fccde5
13049	#fccde5
13051	#8dd3c7
13053	#000000
13055	#fccde5
13057	#fccde5
13059	#fccde5
13061	#bebada
13063	#8dd3c7
13065	#fb8072
13067	#8dd3c7
13069	#fccde5
13071	#bc80bd
13073	#8dd3c7
13075	#bc80bd
13077	#8dd3c7
13079	#fb8072
13081	#bc80bd
13083	#fccde5
13085	#fccde5
13087	#bc80bd
13089	#000000
13091	#bebada
13093	#bebada
13095	#fb8072
13097	#8dd3c7
13099	#bebada
13101	#bc80bd
13103	#8dd3c7
13105	#fccde5
13107	#bebada
13109	#fccde5
13111	#fccde5
13113	#8dd3c7
13115	#fccde5
13117	#fccde5
13119	#fccde5
13121	#fccde5
13123	#fccde5
13125	#bebada
13127	#8dd3c7
13129	#fccde5
13131	#bc80bd
13133	#fccde5
13135	#fccde5
13137	#fccde5
13139	#fccde5
13141	#fb8072
13143	#fccde5
13145	#8dd3c7
13147	#fccde5
13149	#fccde5
13151	#8dd3c7
13153	#fccde5
13155	#bebada
13157	#fccde5
13159	#fccde5
13161	#bebada
13163	#8dd3c7
13165	#fdb462
13167	#8dd3c7
13169	#fccde5
13171	#fccde5
13173	#bebada
13175	#8dd3c7
13177	#bebada
13179	#8dd3c7
13181	#8dd3c7
13183	#fccde5
13185	#bc80bd
13187	#fccde5
13189	#8dd3c7
13191	#fb8072
13193	#fccde5
13195	#fccde5
13197	#fccde5
13199	#8dd3c7
13201	#bebada
13205	#fccde5
13207	#fccde5
13209	#bebada
13211	#fccde5
13213	#fccde5
13215	#8dd3c7
13217	#fccde5
13219	#fccde5
13221	#fccde5
13223	#fccde5
13225	#fb8072
13227	#fccde5
13229	#bc80bd
13231	#fccde5
13233	#fccde5
13235	#bebada
13237	#fdb462
13239	#8dd3c7
13241	#fccde5
13243	#bebada
13245	#bc80bd
13247	#8dd3c7
13249	#fccde5
13251	#bebada
13253	#bc80bd
13255	#8dd3c7
13257	#fccde5
13259	#bebada
13261	#fccde5
13263	#bc80bd
13265	#fdb462
13267	#fccde5
13269	#fccde5
13271	#bc80bd
13273	#bebada
13275	#bebada
13277	#bc80bd
13279	#bc80bd
13281	#8dd3c7
13283	#bc80bd
13285	#8dd3c7
13287	#fccde5
13289	#bebada
13291	#8dd3c7
13293	#fccde5
13295	#fccde5
13297	#fccde5
13299	#fccde5
13301	#fdb462
13303	#8dd3c7
13305	#fccde5
13307	#bc80bd
13309	#bebada
13311	#fccde5
13313	#fccde5
13315	#fccde5
13317	#fccde5
13319	#8dd3c7
13321	#bebada
15001	#fb8072
15003	#bc80bd
15007	#bc80bd
15009	#fb8072
16001	#fdb462
16003	#8dd3c7
16005	#ccebc5
16007	#8dd3c7
16009	#ccebc5
16011	#bc80bd
16013	#8dd3c7
16015	#8dd3c7
16017	#fdb462
16019	#bc80bd
16021	#ccebc5
16023	#8dd3c7
16025	#8dd3c7
16027	#8dd3c7
16029	#bc80bd
16031	#8dd3c7
16033	#8dd3c7
16035	#ccebc5
16037	#8dd3c7
16039	#bc80bd
16041	#fdb462
16043	#bc80bd
16045	#8dd3c7
16047	#fdb462
16049	#ccebc5
16051	#bc80bd
16053	#fdb462
16055	#ccebc5
16057	#ccebc5
16059	#8dd3c7
16061	#ccebc5
16063	#fdb462
16065	#bc80bd
16067	#bc80bd
16069	#ccebc5
16071	#8dd3c7
16073	#8dd3c7
16075	#8dd3c7
16077	#bc80bd
16079	#8dd3c7
16081	#bc80bd
16083	#fdb462
16085	#8dd3c7
16087	#8dd3c7
17001	#ffffb3
17003	#d9d9d9
17005	#d9d9d9
17007	#ffffb3
17009	#ffffb3
17011	#ffffb3
17013	#ffffb3
17015	#ffffb3
17017	#ffffb3
17019	#ffffb3
17021	#ffffb3
17023	#ffffb3
17025	#d9d9d9
17027	#80b1d3
17029	#ffffb3
17031	#bc80bd
17033	#ffffb3
17035	#ffffb3
17037	#ffffb3
17039	#ffffb3
17041	#ffffb3
17043	#ffffb3
17045	#ffffb3
17047	#ffffb3
17049	#d9d9d9
17051	#d9d9d9
17053	#ffffb3
17055	#d9d9d9
17057	#ffffb3
17059	#ffffb3
17061	#ffffb3
17063	#ffffb3
17065	#d9d9d9
17067	#ffffb3
17069	#d9d9d9
17071	#ffffb3
17073	#ffffb3
17075	#ffffb3
17077	#d9d9d9
17079	#ffffb3
17081	#d9d9d9
17083	#ffffb3
17085	#ffffb3
17087	#8dd3c7
17089	#ffffb3
17091	#ffffb3
17093	#ffffb3
17095	#ffffb3
17097	#d9d9d9
17099	#ffffb3
17101	#ffffb3
17103	#ffffb3
17105	#ffffb3
17107	#ffffb3
17109	#ffffb3
17111	#ffffb3
17113	#ffffb3
17115	#ffffb3
17117	#ffffb3
17119	#d9d9d9
17121	#d9d9d9
17123	#ffffb3
17125	#ffffb3
17127	#d9d9d9
17129	#ffffb3
17131	#ffffb3
17133	#d9d9d9
17135	#ffffb3
17137	#ffffb3
17139	#ffffb3
17141	#ffffb3
17143	#ffffb3
17145	#d9d9d9
17147	#ffffb3
17149	#ffffb3
17151	#d9d9d9
17153	#d9d9d9
17155	#ffffb3
17157	#d9d9d9
17159	#80b1d3
17161	#ffffb3
17163	#d9d9d9
17165	#d9d9d9
17167	#ffffb3
17169	#ffffb3
17171	#ffffb3
17173	#ffffb3
17175	#ffffb3
17177	#ffffb3
17179	#ffffb3
17181	#d9d9d9
17183	#ffffb3
17185	#ffffb3
17187	#ffffb3
17189	#d9d9d9
17191	#d9d9d9
17193	#d9d9d9
17195	#ffffb3
17197	#ffffb3
17199	#d9d9d9
17201	#ffffb3
17203	#ffffb3
18001	#80b1d3
18003	#d9d9d9
18005	#d9d9d9
18007	#ffffb3
18009	#d9d9d9
18011	#ffffb3
18013	#ffffb3
18015	#80b1d3
18017	#ffffb3
18019	#d9d9d9
18021	#ffffb3
18023	#ffffb3
18025	#8dd3c7
18027	#fccde5
18029	#8dd3c7
18031	#80b1d3
18033	#d9d9d9
18035	#d9d9d9
18037	#fccde5
18039	#fdb462
18041	#ffffb3
18043	#d9d9d9
18045	#ffffb3
18047	#d9d9d9
18049	#ffffb3
18051	#ffffb3
18053	#d9d9d9
18055	#80b1d3
18057	#d9d9d9
18059	#ffffb3
18061	#fccde5
18063	#ffffb3
18065	#ffffb3
18067	#ffffb3
18069	#d9d9d9
18071	#d9d9d9
18073	#ffffb3
18075	#fccde5
18077	#d9d9d9
18079	#d9d9d9
18081	#ffffb3
18083	#ffffb3
18085	#fccde5
18087	#8dd3c7
18089	#ffffb3
18091	#ffffb3
18093	#8dd3c7
18095	#d9d9d9
18097	#ffffb3
18099	#ffffb3
18101	#fccde5
18103	#d9d9d9
18105	#8dd3c7
18107	#ffffb3
18109	#ffffb3
18111	#ffffb3
18113	#ffffb3
18115	#d9d9d9
18117	#ffffb3
18119	#d9d9d9
18121	#ffffb3
18123	#8dd3c7
18125	#ffffb3
18127	#ffffb3
18129	#ffffb3
18131	#ffffb3
18133	#ffffb3
18135	#d9d9d9
18137	#d9d9d9
18139	#ffffb3
18141	#ffffb3
18143	#d9d9d9
18145	#ffffb3
18147	#ffffb3
18149	#ffffb3
18151	#ffffb3
18153	#ffffb3
18155	#d9d9d9
18157	#ffffb3
18159	#ffffb3
18161	#ffffb3
18163	#d9d9d9
18165	#ffffb3
18167	#ffffb3
18169	#d9d9d9
18171	#ffffb3
18173	#ffffb3
18175	#fccde5
18177	#ffffb3
18179	#d9d9d9
18181	#ffffb3
18183	#d9d9d9
19001	#ffffb3
19003	#ffffb3
19005	#fdb462
19007	#8dd3c7
19009	#80b1d3
19011	#ffffb3
19013	#ffffb3
19015	#ffffb3
19017	#ffffb3
19019	#ffffb3
19021	#80b1d3
19023	#ffffb3
19025	#ffffb3
19027	#80b1d3
19029	#8dd3c7
19031	#ffffb3
19033	#ffffb3
19035	#ffffb3
19037	#ffffb3
19039	#ffffb3
19041	#80b1d3
19043	#ffffb3
19045	#ffffb3
19047	#ffffb3
19049	#ffffb3
19051	#8dd3c7
19053	#8dd3c7
19055	#ffffb3
19057	#ffffb3
19059	#ffffb3
19061	#8dd3c7
19063	#ffffb3
19065	#ffffb3
19067	#ffffb3
19069	#80b1d3
19071	#d9d9d9
19073	#ffffb3
19075	#ffffb3
19077	#ffffb3
19079	#80b1d3
19081	#ffffb3
19083	#80b1d3
19085	#ffffb3
19087	#ffffb3
19089	#ffffb3
19091	#ffffb3
19093	#ffffb3
19095	#ffffb3
19097	#8dd3c7
19099	#ffffb3
19101	#ffffb3
19103	#ffffb3
19105	#ffffb3
19107	#ffffb3
19109	#ffffb3
19111	#ffffb3
19113	#ffffb3
19115	#ffffb3
19117	#8dd3c7
19119	#80b1d3
19121	#ffffb3
19123	#ffffb3
19125	#ffffb3
19127	#ffffb3
19129	#ffffb3
19131	#ffffb3
19133	#ffffb3
19135	#8dd3c7
19137	#ffffb3
19139	#ffffb3
19141	#80b1d3
19143	#80b1d3
19145	#ffffb3
19147	#80b1d3
19149	#80b1d3
19151	#ffffb3
19153	#ffffb3
19155	#ffffb3
19157	#ffffb3
19159	#80b1d3
19161	#80b1d3
19163	#ffffb3
19165	#ffffb3
19167	#8dd3c7
19169	#ffffb3
19171	#ffffb3
19173	#ffffb3
19175	#80b1d3
19177	#80b1d3
19179	#ffffb3
19181	#ffffb3
19183	#80b1d3
19185	#ffffb3
19187	#ffffb3
19189	#ffffb3
19191	#ffffb3
19193	#ffffb3
19195	#ffffb3
19197	#ffffb3
20001	#8dd3c7
20003	#8dd3c7
20005	#8dd3c7
20007	#8dd3c7
20009	#8dd3c7
20011	#8dd3c7
20013	#ffffb3
20015	#8dd3c7
20017	#8dd3c7
20019	#8dd3c7
20021	#fccde5
20023	#8dd3c7
20025	#8dd3c7
20027	#8dd3c7
20029	#ccebc5
20031	#d9d9d9
20033	#8dd3c7
20035	#8dd3c7
20037	#8dd3c7
20039	#8dd3c7
20041	#8dd3c7
20043	#ffffb3
20045	#8dd3c7
20047	#8dd3c7
20049	#8dd3c7
20051	#8dd3c7
20053	#ccebc5
20055	#ffffb3
20057	#8dd3c7
20059	#8dd3c7
20061	#ccebc5
20063	#8dd3c7
20065	#8dd3c7
20067	#ffffb3
20069	#ffffb3
20071	#ccebc5
20073	#8dd3c7
20075	#8dd3c7
20077	#8dd3c7
20079	#8dd3c7
20081	#8dd3c7
20083	#ccebc5
20085	#8dd3c7
20087	#8dd3c7
20089	#8dd3c7
20091	#8dd3c7
20093	#8dd3c7
20095	#8dd3c7
20097	#8dd3c7
20099	#8dd3c7
20101	#8dd3c7
20103	#8dd3c7
20105	#8dd3c7
20107	#8dd3c7
20109	#8dd3c7
20111	#8dd3c7
20113	#8dd3c7
20115	#8dd3c7
20117	#8dd3c7
20119	#8dd3c7
20121	#8dd3c7
20123	#8dd3c7
20125	#8dd3c7
20127	#8dd3c7
20129	#ffffb3
20131	#8dd3c7
20133	#8dd3c7
20135	#8dd3c7
20137	#80b1d3
20139	#8dd3c7
20141	#8dd3c7
20143	#8dd3c7
20145	#8dd3c7
20147	#8dd3c7
20149	#8dd3c7
20151	#ffffb3
20153	#8dd3c7
20155	#8dd3c7
20157	#8dd3c7
20159	#8dd3c7
20161	#8dd3c7
20163	#8dd3c7
20165	#8dd3c7
20167	#8dd3c7
20169	#8dd3c7
20171	#8dd3c7
20173	#ccebc5
20175	#ffffb3
20177	#8dd3c7
20179	#8dd3c7
20181	#8dd3c7
20183	#8dd3c7
20185	#8dd3c7
20187	#8dd3c7
20189	#ffffb3
20191	#ccebc5
20193	#ffffb3
20195	#8dd3c7
20197	#8dd3c7
20199	#8dd3c7
20201	#8dd3c7
20203	#ccebc5
20205	#8dd3c7
20207	#8dd3c7
20209	#8dd3c7
21001	#fdb462
21003	#8dd3c7
21005	#8dd3c7
21007	#fccde5
21009	#8dd3c7
21011	#8dd3c7
21013	#bc80bd
21015	#8dd3c7
21017	#8dd3c7
21019	#8dd3c7
21021	#8dd3c7
21023	#8dd3c7
21025	#8dd3c7
21027	#8dd3c7
21029	#8dd3c7
21031	#fccde5
21033	#ffffb3
21035	#fccde5
21037	#8dd3c7
21039	#fccde5
21041	#8dd3c7
21043	#8dd3c7
21045	#8dd3c7
21047	#ffffb3
21049	#8dd3c7
21051	#8dd3c7
21053	#fccde5
21055	#8dd3c7
21057	#8dd3c7
21059	#d9d9d9
21061	#8dd3c7
21063	#8dd3c7
21065	#8dd3c7
21067	#d9d9d9
21069	#8dd3c7
21071	#8dd3c7
21073	#8dd3c7
21075	#d9d9d9
21077	#8dd3c7
21079	#8dd3c7
21081	#8dd3c7
21083	#fccde5
21085	#fccde5
21087	#8dd3c7
21089	#8dd3c7
21091	#d9d9d9
21093	#8dd3c7
21095	#fb8072
21097	#8dd3c7
21099	#8dd3c7
21101	#fccde5
21103	#8dd3c7
21105	#fccde5
21107	#d9d9d9
21109	#8dd3c7
21111	#8dd3c7
21113	#8dd3c7
21115	#8dd3c7
21117	#8dd3c7
21119	#8dd3c7
21121	#8dd3c7
21123	#8dd3c7
21125	#8dd3c7
21127	#8dd3c7
21129	#8dd3c7
21131	#000000
21133	#bc80bd
21135	#8dd3c7
21137	#8dd3c7
21139	#8dd3c7
21141	#ffffb3
21143	#8dd3c7
21145	#d9d9d9
21147	#8dd3c7
21149	#fccde5
21151	#8dd3c7
21153	#8dd3c7
21155	#8dd3c7
21157	#fccde5
21159	#000000
21161	#fdb462
21163	#8dd3c7
21165	#8dd3c7
21167	#8dd3c7
21169	#8dd3c7
21171	#8dd3c7
21173	#8dd3c7
21175	#8dd3c7
21177	#ffffb3
21179	#8dd3c7
21181	#8dd3c7
21183	#fccde5
21185	#8dd3c7
21187	#8dd3c7
21189	#8dd3c7
21191	#8dd3c7
21193	#8dd3c7
21195	#8dd3c7
21197	#d9d9d9
21199	#8dd3c7
21201	#8dd3c7
21203	#8dd3c7
21205	#8dd3c7
21207	#8dd3c7
21209	#8dd3c7
21211	#8dd3c7
21213	#ffffb3
21215	#8dd3c7
21217	#8dd3c7
21219	#fccde5
21221	#ffffb3
21223	#8dd3c7
21225	#ffffb3
21227	#8dd3c7
21229	#8dd3c7
21231	#fccde5
21233	#fccde5
21235	#8dd3c7
21237	#8dd3c7
21239	#8dd3c7
22001	#d9d9d9
22003	#8dd3c7
22005	#8dd3c7
22007	#8dd3c7
22009	#d9d9d9
22011	#8dd3c7
22013	#fccde5
22015	#8dd3c7
22017	#8dd3c7
22019	#8dd3c7
22021	#bebada
22023	#80b1d3
22025	#bebada
22027	#fccde5
22029	#ffffb3
22031	#fdb462
22033	#8dd3c7
22035	#d9d9d9
22037	#fdb462
22039	#8dd3c7
22041	#bebada
22043	#8dd3c7
22045	#8dd3c7
22047	#8dd3c7
22049	#fccde5
22051	#8dd3c7
22053	#d9d9d9
22055	#8dd3c7
22057	#8dd3c7
22059	#80b1d3
22061	#fccde5
22063	#fccde5
22065	#ffffb3
22067	#bebada
22069	#fccde5
22071	#000000
22073	#fccde5
22075	#fb8072
22077	#d9d9d9
22079	#b3de69
22081	#8dd3c7
22083	#bebada
22085	#fccde5
22087	#000000
22089	#bc80bd
22091	#8dd3c7
22093	#8dd3c7
22095	#bc80bd
22097	#d9d9d9
22099	#d9d9d9
22101	#8dd3c7
22103	#8dd3c7
22105	#fdb462
22107	#bebada
22109	#8dd3c7
22111	#fccde5
22113	#8dd3c7
22115	#fccde5
22117	#fdb462
22119	#bc80bd
22121	#d9d9d9
22123	#bc80bd
22125	#8dd3c7
22127	#fccde5
23001	#fccde5
23003	#bc80bd
23005	#bc80bd
23007	#fdb462
23009	#8dd3c7
23011	#fdb462
23013	#fb8072
23015	#fdb462
23017	#fb8072
23019	#fdb462
23021	#fdb462
23023	#fdb462
23025	#8dd3c7
23027	#fccde5
23029	#bc80bd
23031	#bc80bd
24001	#8dd3c7
24003	#ffffb3
24005	#bc80bd
24009	#ffffb3
24011	#fccde5
24013	#fdb462
24015	#ffffb3
24017	#d9d9d9
24019	#fccde5
24021	#fdb462
24023	#8dd3c7
24025	#fdb462
24027	#fdb462
24029	#fdb462
24031	#ffffb3
24033	#bc80bd
24035	#fccde5
24037	#bc80bd
24039	#fccde5
24041	#fccde5
24043	#fdb462
24045	#fccde5
24047	#fccde5
25001	#fb8072
25003	#fdb462
25005	#fdb462
25007	#bc80bd
25009	#bc80bd
25011	#fdb462
25013	#fdb462
25015	#bc80bd
25017	#8dd3c7
25019	#000000
25021	#fb8072
25023	#fb8072
25025	#000000
25027	#fccde5
26001	#fdb462
26003	#fdb462
26005	#fdb462
26007	#fdb462
26009	#bc80bd
26011	#fdb462
26013	#fccde5
26015	#fdb462
26017	#ffffb3
26019	#fb8072
26021	#bc80bd
26023	#ffffb3
26025	#ffffb3
26027	#80b1d3
26029	#fdb462
26031	#fdb462
26033	#8dd3c7
26035	#fdb462
26037	#fdb462
26039	#8dd3c7
26041	#fdb462
26043	#fdb462
26045	#ffffb3
26047	#fdb462
26049	#d9d9d9
26051	#fdb462
26053	#80b1d3
26055	#fb8072
26057	#fdb462
26059	#fdb462
26061	#fdb462
26063	#fdb462
26065	#ffffb3
26067	#fdb462
26069	#8dd3c7
26071	#bc80bd
26073	#fdb462
26075	#8dd3c7
26077	#ffffb3
26079	#bc80bd
26081	#fdb462
26085	#fdb462
26087	#d9d9d9
26089	#fb8072
26091	#fdb462
26093	#fdb462
26095	#8dd3c7
26097	#fdb462
26099	#bc80bd
26101	#fb8072
26103	#fdb462
26105	#bc80bd
26107	#fdb462
26109	#fdb462
26111	#ffffb3
26113	#fdb462
26115	#d9d9d9
26117	#bc80bd
26119	#fdb462
26121	#fdb462
26123	#fdb462
26125	#bc80bd
26127	#bc80bd
26129	#fdb462
26131	#fdb462
26133	#fdb462
26135	#fdb462
26137	#bc80bd
26139	#fccde5
26141	#bc80bd
26143	#8dd3c7
26145	#ffffb3
26147	#d9d9d9
26149	#ffffb3
26151	#fdb462
26153	#bc80bd
26155	#d9d9d9
26157	#ffffb3
26159	#fb8072
26161	#ffffb3
26163	#bc80bd
26165	#fdb462
27001	#8dd3c7
27003	#ffffb3
27005	#fccde5
27007	#8dd3c7
27009	#fccde5
27011	#d9d9d9
27013	#80b1d3
27015	#80b1d3
27017	#fdb462
27019	#fdb462
27021	#8dd3c7
27023	#ffffb3
27025	#ffffb3
27027	#d9d9d9
27029	#8dd3c7
27031	#8dd3c7
27033	#ffffb3
27035	#8dd3c7
27037	#ffffb3
27039	#ffffb3
27041	#d9d9d9
27043	#ffffb3
27045	#ffffb3
27047	#ffffb3
27049	#fdb462
27051	#ffffb3
27053	#ffffb3
27055	#fdb462
27057	#ffffb3
27059	#ffffb3
27061	#8dd3c7
27063	#ffffb3
27065	#fdb462
27067	#fccde5
27069	#ccebc5
27071	#8dd3c7
27073	#ffffb3
27075	#8dd3c7
27077	#ccebc5
27079	#ffffb3
27081	#ffffb3
27083	#ffffb3
27085	#ffffb3
27087	#d9d9d9
27089	#ccebc5
27091	#80b1d3
27093	#fccde5
27095	#fdb462
27097	#fccde5
27099	#ffffb3
27101	#ffffb3
27103	#80b1d3
27105	#80b1d3
27107	#d9d9d9
27109	#ffffb3
27111	#fdb462
27113	#d9d9d9
27115	#fdb462
27117	#80b1d3
27119	#ccebc5
27121	#ffffb3
27123	#bc80bd
27125	#d9d9d9
27127	#ffffb3
27129	#ffffb3
27131	#ffffb3
27133	#80b1d3
27135	#ccebc5
27137	#8dd3c7
27139	#ffffb3
27141	#bc80bd
27143	#ffffb3
27145	#fdb462
27147	#ffffb3
27149	#ffffb3
27151	#ffffb3
27153	#fdb462
27155	#ffffb3
27157	#fdb462
27159	#fdb462
27161	#80b1d3
27163	#ffffb3
27165	#80b1d3
27167	#d9d9d9
27169	#fdb462
27171	#fdb462
27173	#ffffb3
28001	#8dd3c7
28003	#ffffb3
28005	#fccde5
28007	#bebada
28009	#d9d9d9
28011	#d9d9d9
28013	#bc80bd
28015	#bebada
28017	#80b1d3
28019	#80b1d3
28021	#8dd3c7
28023	#fccde5
28025	#8dd3c7
28027	#bebada
28029	#fccde5
28031	#fccde5
28033	#d9d9d9
28035	#fccde5
28037	#8dd3c7
28039	#8dd3c7
28041	#fccde5
28043	#bebada
28045	#8dd3c7
28047	#fdb462
28049	#fdb462
28051	#bebada
28053	#bebada
28055	#ffffb3
28057	#fccde5
28059	#8dd3c7
28061	#fccde5
28063	#fccde5
28065	#fccde5
28067	#fccde5
28069	#8dd3c7
28071	#bebada
28073	#fccde5
28075	#fccde5
28077	#fccde5
28079	#fccde5
28081	#d9d9d9
28083	#bebada
28085	#fccde5
28087	#ffffb3
28089	#ffffb3
28091	#fccde5
28093	#8dd3c7
28095	#bebada
28097	#bebada
28099	#fccde5
28101	#fccde5
28103	#80b1d3
28105	#8dd3c7
28107	#bebada
28109	#8dd3c7
28111	#fccde5
28113	#fdb462
28115	#d9d9d9
28117	#d9d9d9
28119	#bebada
28121	#fccde5
28123	#fccde5
28125	#bebada
28127	#fccde5
28129	#fccde5
28131	#8dd3c7
28133	#bebada
28135	#bebada
28137	#8dd3c7
28139	#8dd3c7
28141	#8dd3c7
28143	#bebada
28145	#d9d9d9
28147	#fccde5
28149	#ffffb3
28151	#bebada
28153	#fccde5
28155	#8dd3c7
28157	#fb8072
28159	#fccde5
28161	#bebada
28163	#bebada
29001	#8dd3c7
29003	#d9d9d9
29005	#ffffb3
29007	#d9d9d9
29009	#fccde5
29011	#80b1d3
29013	#8dd3c7
29015	#8dd3c7
29017	#8dd3c7
29019	#d9d9d9
29021	#ffffb3
29023	#d9d9d9
29025	#d9d9d9
29027	#8dd3c7
29029	#8dd3c7
29031	#8dd3c7
29033	#d9d9d9
29035	#8dd3c7
29037	#8dd3c7
29039	#8dd3c7
29041	#8dd3c7
29043	#8dd3c7
29045	#d9d9d9
29047	#8dd3c7
29049	#8dd3c7
29051	#8dd3c7
29053	#8dd3c7
29055	#8dd3c7
29057	#8dd3c7
29059	#8dd3c7
29061	#80b1d3
29063	#8dd3c7
29065	#8dd3c7
29067	#8dd3c7
29069	#bebada
29071	#8dd3c7
29073	#80b1d3
29075	#8dd3c7
29077	#8dd3c7
29079	#d9d9d9
29081	#8dd3c7
29083	#8dd3c7
29085	#8dd3c7
29087	#ffffb3
29089	#d9d9d9
29091	#8dd3c7
29093	#8dd3c7
29095	#d9d9d9
29097	#fccde5
29099	#8dd3c7
29101	#8dd3c7
29103	#d9d9d9
29105	#8dd3c7
29107	#ffffb3
29109	#fccde5
29111	#d9d9d9
29113	#d9d9d9
29115	#8dd3c7
29117	#d9d9d9
29119	#fccde5
29121	#8dd3c7
29123	#8dd3c7
29125	#8dd3c7
29127	#ffffb3
29129	#d9d9d9
29131	#fccde5
29133	#d9d9d9
29135	#8dd3c7
29137	#d9d9d9
29139	#d9d9d9
29141	#fccde5
29143	#bebada
29145	#fccde5
29147	#d9d9d9
29149	#8dd3c7
29151	#fccde5
29153	#8dd3c7
29155	#bebada
29157	#8dd3c7
29159	#fccde5
29161	#8dd3c7
29163	#8dd3c7
29165	#d9d9d9
29167	#8dd3c7
29169	#8dd3c7
29171	#80b1d3
29173	#d9d9d9
29175	#8dd3c7
29177	#d9d9d9
29179	#8dd3c7
29181	#8dd3c7
29183	#d9d9d9
29185	#8dd3c7
29186	#8dd3c7
29187	#8dd3c7
29189	#d9d9d9
29195	#ffffb3
29197	#8dd3c7
29199	#d9d9d9
29201	#fccde5
29203	#8dd3c7
29205	#d9d9d9
29207	#fccde5
29209	#8dd3c7
29211	#d9d9d9
29213	#8dd3c7
29215	#8dd3c7
29217	#80b1d3
29219	#d9d9d9
29221	#8dd3c7
29223	#8dd3c7
29225	#8dd3c7
29227	#8dd3c7
29229	#fdb462
30001	#8dd3c7
30003	#8dd3c7
30005	#8dd3c7
30007	#8dd3c7
30009	#8dd3c7
30011	#8dd3c7
30013	#8dd3c7
30015	#ccebc5
30017	#8dd3c7
30019	#ccebc5
30021	#8dd3c7
30023	#8dd3c7
30025	#8dd3c7
30027	#8dd3c7
30029	#8dd3c7
30031	#8dd3c7
30033	#8dd3c7
30035	#8dd3c7
30037	#8dd3c7
30039	#8dd3c7
30041	#ccebc5
30043	#8dd3c7
30045	#8dd3c7
30047	#8dd3c7
30049	#8dd3c7
30051	#ccebc5
30053	#8dd3c7
30055	#ccebc5
30057	#8dd3c7
30059	#8dd3c7
30061	#8dd3c7
30063	#8dd3c7
30065	#8dd3c7
30067	#8dd3c7
30069	#8dd3c7
30071	#8dd3c7
30073	#ccebc5
30075	#8dd3c7
30077	#8dd3c7
30079	#8dd3c7
30081	#8dd3c7
30083	#8dd3c7
30085	#ccebc5
30087	#8dd3c7
30089	#8dd3c7
30091	#ccebc5
30093	#8dd3c7
30095	#8dd3c7
30097	#8dd3c7
30099	#8dd3c7
30101	#ccebc5
30103	#8dd3c7
30105	#8dd3c7
30107	#8dd3c7
30109	#8dd3c7
30111	#8dd3c7
31001	#8dd3c7
31003	#8dd3c7
31005	#ffffb3
31007	#8dd3c7
31009	#8dd3c7
31011	#8dd3c7
31013	#8dd3c7
31015	#8dd3c7
31017	#8dd3c7
31019	#8dd3c7
31021	#8dd3c7
31023	#ffffb3
31025	#d9d9d9
31027	#8dd3c7
31029	#ffffb3
31031	#8dd3c7
31033	#8dd3c7
31035	#8dd3c7
31037	#8dd3c7
31039	#8dd3c7
31041	#8dd3c7
31043	#ffffb3
31045	#8dd3c7
31047	#8dd3c7
31049	#8dd3c7
31051	#8dd3c7
31053	#8dd3c7
31055	#8dd3c7
31057	#8dd3c7
31059	#ffffb3
31061	#ffffb3
31063	#ffffb3
31065	#ffffb3
31067	#ffffb3
31069	#ffffb3
31071	#8dd3c7
31073	#ffffb3
31075	#8dd3c7
31077	#80b1d3
31079	#8dd3c7
31081	#ffffb3
31083	#8dd3c7
31085	#8dd3c7
31087	#8dd3c7
31089	#8dd3c7
31091	#8dd3c7
31093	#8dd3c7
31095	#ffffb3
31097	#d9d9d9
31099	#8dd3c7
31101	#8dd3c7
31103	#8dd3c7
31105	#8dd3c7
31107	#8dd3c7
31109	#d9d9d9
31111	#8dd3c7
31113	#8dd3c7
31115	#8dd3c7
31117	#8dd3c7
31119	#8dd3c7
31121	#8dd3c7
31123	#8dd3c7
31125	#8dd3c7
31127	#d9d9d9
31129	#ffffb3
31131	#d9d9d9
31133	#8dd3c7
31135	#ffffb3
31137	#8dd3c7
31139	#8dd3c7
31141	#8dd3c7
31143	#8dd3c7
31145	#8dd3c7
31147	#8dd3c7
31149	#8dd3c7
31151	#ffffb3
31153	#8dd3c7
31155	#8dd3c7
31157	#8dd3c7
31159	#8dd3c7
31161	#8dd3c7
31163	#8dd3c7
31165	#ffffb3
31167	#8dd3c7
31169	#8dd3c7
31171	#000000
31173	#8dd3c7
31175	#8dd3c7
31177	#8dd3c7
31179	#8dd3c7
31181	#8dd3c7
31183	#8dd3c7
31185	#ffffb3
32001	#fdb462
32003	#bc80bd
32005	#8dd3c7
32007	#8dd3c7
32009	#000000
32011	#8dd3c7
32013	#8dd3c7
32015	#8dd3c7
32017	#8dd3c7
32019	#8dd3c7
32021	#000000
32023	#fb8072
32027	#8dd3c7
32031	#8dd3c7
32033	#8dd3c7
32510	#000000
33001	#fdb462
33003	#bc80bd
33005	#fdb462
33007	#fdb462
33009	#fdb462
33011	#fb8072
33013	#fdb462
33015	#fdb462
33017	#fdb462
33019	#fdb462
34001	#fb8072
34003	#bc80bd
34005	#fb8072
34007	#bc80bd
34009	#b3de69
34011	#bc80bd
34013	#000000
34015	#bc80bd
34019	#bc80bd
34021	#bc80bd
34023	#bc80bd
34025	#b3de69
34027	#bc80bd
34029	#fb8072
34031	#bc80bd
34033	#bc80bd
34035	#fdb462
34037	#fdb462
34039	#b3de69
34041	#bc80bd
35001	#fdb462
35003	#8dd3c7
35005	#fdb462
35006	#8dd3c7
35007	#8dd3c7
35009	#fdb462
35011	#8dd3c7
35013	#fdb462
35015	#fdb462
35017	#8dd3c7
35019	#8dd3c7
35021	#000000
35023	#8dd3c7
35025	#fdb462
35027	#8dd3c7
35028	#000000
35029	#bc80bd
35031	#8dd3c7
35033	#8dd3c7
35035	#fb8072
35037	#8dd3c7
35039	#8dd3c7
35041	#fdb462
35043	#8dd3c7
35045	#8dd3c7
35047	#8dd3c7
35049	#8dd3c7
35051	#fb8072
35053	#fdb462
35055	#8dd3c7
35057	#fb8072
35059	#8dd3c7
35061	#fdb462
36001	#8dd3c7
36003	#fdb462
36007	#fdb462
36009	#fdb462
36011	#fdb462
36013	#fdb462
36015	#fdb462
36017	#fdb462
36019	#fdb462
36021	#fdb462
36023	#fdb462
36025	#fdb462
36027	#fdb462
36029	#fdb462
36031	#fdb462
36033	#fdb462
36035	#fdb462
36037	#fdb462
36039	#fdb462
36041	#000000
36043	#fdb462
36045	#fdb462
36049	#fdb462
36051	#fdb462
36053	#fdb462
36055	#bc80bd
36057	#fdb462
36059	#bc80bd
36063	#fdb462
36065	#fdb462
36067	#fdb462
36069	#fdb462
36071	#fdb462
36073	#bc80bd
36075	#bc80bd
36077	#fdb462
36079	#000000
36081	#000000
36083	#fdb462
36085	#000000
36087	#fb8072
36089	#fdb462
36091	#fdb462
36093	#fdb462
36095	#fdb462
36097	#fdb462
36099	#fdb462
36101	#fdb462
36103	#bc80bd
36105	#fccde5
36107	#fdb462
36109	#fdb462
36111	#fb8072
36113	#8dd3c7
36115	#fdb462
36117	#fb8072
36119	#bc80bd
36121	#fdb462
36123	#fdb462
37001	#fccde5
37003	#fccde5
37005	#fdb462
37007	#fccde5
37009	#8dd3c7
37011	#b3de69
37013	#80b1d3
37015	#fccde5
37017	#80b1d3
37019	#80b1d3
37021	#fdb462
37023	#fccde5
37025	#fccde5
37027	#fccde5
37029	#bc80bd
37031	#d9d9d9
37033	#8dd3c7
37035	#fccde5
37037	#fccde5
37039	#bc80bd
37041	#fccde5
37043	#8dd3c7
37045	#fccde5
37047	#80b1d3
37049	#80b1d3
37051	#80b1d3
37053	#ffffb3
37055	#d9d9d9
37057	#fccde5
37059	#fccde5
37061	#80b1d3
37063	#8dd3c7
37065	#80b1d3
37067	#fdb462
37069	#fccde5
37071	#fccde5
37073	#fccde5
37075	#8dd3c7
37077	#bc80bd
37079	#80b1d3
37081	#fdb462
37083	#fccde5
37085	#fccde5
37087	#fdb462
37089	#fb8072
37091	#fccde5
37093	#80b1d3
37095	#ffffb3
37097	#fccde5
37099	#8dd3c7
37101	#80b1d3
37103	#80b1d3
37105	#fccde5
37107	#80b1d3
37109	#fccde5
37111	#fccde5
37113	#8dd3c7
37115	#bc80bd
37117	#fccde5
37119	#8dd3c7
37121	#8dd3c7
37123	#fccde5
37125	#fccde5
37127	#fccde5
37129	#d9d9d9
37131	#80b1d3
37133	#80b1d3
37135	#fdb462
37137	#d9d9d9
37139	#d9d9d9
37141	#80b1d3
37143	#fccde5
37145	#8dd3c7
37147	#80b1d3
37149	#8dd3c7
37151	#fccde5
37153	#fccde5
37155	#80b1d3
37157	#8dd3c7
37159	#fdb462
37161	#fccde5
37163	#80b1d3
37165	#bebada
37167	#fccde5
37169	#8dd3c7
37171	#fccde5
37173	#8dd3c7
37175	#8dd3c7
37177	#ffffb3
37179	#fccde5
37181	#d9d9d9
37183	#bc80bd
37185	#80b1d3
37187	#fccde5
37189	#8dd3c7
37191	#fccde5
37193	#fccde5
37195	#bebada
37197	#fccde5
37199	#8dd3c7
38001	#8dd3c7
38003	#d9d9d9
38005	#ccebc5
38007	#8dd3c7
38009	#ccebc5
38011	#8dd3c7
38013	#ccebc5
38015	#8dd3c7
38017	#d9d9d9
38019	#ccebc5
38021	#ffffb3
38023	#ccebc5
38025	#8dd3c7
38027	#8dd3c7
38029	#8dd3c7
38031	#8dd3c7
38033	#8dd3c7
38035	#ccebc5
38037	#8dd3c7
38039	#ccebc5
38041	#ccebc5
38043	#8dd3c7
38045	#d9d9d9
38047	#8dd3c7
38049	#8dd3c7
38051	#8dd3c7
38053	#8dd3c7
38055	#ccebc5
38057	#8dd3c7
38059	#8dd3c7
38061	#ccebc5
38063	#ccebc5
38065	#8dd3c7
38067	#ccebc5
38069	#ccebc5
38071	#ccebc5
38073	#d9d9d9
38075	#ccebc5
38077	#d9d9d9
38079	#ccebc5
38081	#d9d9d9
38083	#ccebc5
38085	#8dd3c7
38087	#8dd3c7
38089	#8dd3c7
38091	#d9d9d9
38093	#d9d9d9
38095	#ccebc5
38097	#d9d9d9
38099	#bc80bd
38101	#ccebc5
38103	#ccebc5
38105	#ccebc5
39001	#8dd3c7
39003	#d9d9d9
39005	#fdb462
39007	#fdb462
39009	#fdb462
39011	#d9d9d9
39013	#8dd3c7
39015	#d9d9d9
39017	#d9d9d9
39019	#fdb462
39021	#ffffb3
39023	#ffffb3
39025	#d9d9d9
39027	#d9d9d9
39029	#fdb462
39031	#fdb462
39033	#80b1d3
39035	#fb8072
39037	#fccde5
39039	#d9d9d9
39041	#d9d9d9
39043	#d9d9d9
39045	#ffffb3
39047	#d9d9d9
39049	#d9d9d9
39051	#ffffb3
39053	#8dd3c7
39055	#fdb462
39057	#ffffb3
39059	#fdb462
39061	#bc80bd
39063	#d9d9d9
39065	#d9d9d9
39067	#8dd3c7
39069	#d9d9d9
39071	#d9d9d9
39073	#ffffb3
39075	#fdb462
39077	#bc80bd
39079	#8dd3c7
39081	#fdb462
39083	#ffffb3
39085	#b3de69
39087	#8dd3c7
39089	#d9d9d9
39091	#d9d9d9
39093	#d9d9d9
39095	#ffffb3
39097	#d9d9d9
39099	#fdb462
39101	#d9d9d9
39103	#fdb462
39105	#bc80bd
39107	#fccde5
39109	#d9d9d9
39111	#fdb462
39113	#d9d9d9
39115	#8dd3c7
39117	#d9d9d9
39119	#8dd3c7
39121	#8dd3c7
39123	#d9d9d9
39125	#d9d9d9
39127	#ffffb3
39129	#ffffb3
39131	#8dd3c7
39133	#fdb462
39135	#d9d9d9
39137	#d9d9d9
39139	#fdb462
39141	#ffffb3
39143	#d9d9d9
39145	#d9d9d9
39147	#d9d9d9
39149	#fdb462
39151	#fdb462
39153	#bc80bd
39155	#fdb462
39157	#fdb462
39159	#d9d9d9
39161	#d9d9d9
39163	#8dd3c7
39165	#d9d9d9
39167	#fdb462
39169	#fdb462
39171	#d9d9d9
39173	#d9d9d9
39175	#d9d9d9
40001	#fccde5
40003	#8dd3c7
40005	#8dd3c7
40007	#8dd3c7
40009	#8dd3c7
40011	#8dd3c7
40013	#8dd3c7
40015	#8dd3c7
40017	#8dd3c7
40019	#8dd3c7
40021	#fccde5
40023	#8dd3c7
40025	#8dd3c7
40027	#8dd3c7
40029	#fdb462
40031	#8dd3c7
40033	#8dd3c7
40035	#8dd3c7
40037	#8dd3c7
40039	#8dd3c7
40041	#fccde5
40043	#8dd3c7
40045	#8dd3c7
40047	#8dd3c7
40049	#8dd3c7
40051	#8dd3c7
40053	#ccebc5
40055	#8dd3c7
40057	#ccebc5
40059	#ccebc5
40061	#fccde5
40063	#80b1d3
40065	#8dd3c7
40067	#8dd3c7
40069	#8dd3c7
40071	#ccebc5
40073	#8dd3c7
40075	#8dd3c7
40077	#80b1d3
40079	#fccde5
40081	#8dd3c7
40083	#8dd3c7
40085	#8dd3c7
40087	#8dd3c7
40089	#fccde5
40091	#fdb462
40093	#8dd3c7
40095	#8dd3c7
40097	#8dd3c7
40099	#fdb462
40101	#8dd3c7
40103	#8dd3c7
40105	#8dd3c7
40107	#8dd3c7
40109	#8dd3c7
40111	#8dd3c7
40113	#8dd3c7
40115	#fccde5
40117	#8dd3c7
40119	#8dd3c7
40121	#8dd3c7
40123	#8dd3c7
40125	#8dd3c7
40127	#8dd3c7
40129	#8dd3c7
40131	#8dd3c7
40133	#80b1d3
40135	#8dd3c7
40137	#8dd3c7
40139	#8dd3c7
40141	#8dd3c7
40143	#fb8072
40145	#d9d9d9
40147	#8dd3c7
40149	#8dd3c7
40151	#8dd3c7
40153	#ccebc5
41001	#8dd3c7
41003	#bc80bd
41005	#fccde5
41007	#fdb462
41009	#8dd3c7
41011	#fb8072
41013	#8dd3c7
41015	#fb8072
41017	#8dd3c7
41019	#8dd3c7
41021	#ccebc5
41023	#8dd3c7
41025	#8dd3c7
41027	#fb8072
41029	#fb8072
41031	#bc80bd
41033	#fdb462
41035	#8dd3c7
41037	#8dd3c7
41039	#fdb462
41041	#fb8072
41043	#fdb462
41045	#8dd3c7
41047	#bc80bd
41049	#8dd3c7
41051	#bc80bd
41053	#fdb462
41055	#ccebc5
41057	#fdb462
41059	#bc80bd
41061	#8dd3c7
41063	#8dd3c7
41065	#fb8072
41067	#fb8072
41069	#8dd3c7
41071	#fb8072
42001	#fccde5
42003	#bc80bd
42005	#fdb462
42007	#fdb462
42009	#fdb462
42011	#fccde5
42013	#fdb462
42015	#fdb462
42017	#fdb462
42019	#fdb462
42021	#fdb462
42023	#8dd3c7
42025	#b3de69
42027	#fdb462
42029	#fdb462
42031	#fdb462
42033	#fdb462
42035	#fdb462
42037	#fdb462
42039	#ffffb3
42041	#fdb462
42043	#fdb462
42045	#b3de69
42047	#fdb462
42049	#fb8072
42051	#fdb462
42053	#8dd3c7
42055	#fdb462
42057	#fdb462
42059	#8dd3c7
42061	#fdb462
42063	#fdb462
42065	#fdb462
42067	#fccde5
42069	#bc80bd
42071	#fdb462
42073	#fdb462
42075	#fccde5
42077	#ffffb3
42079	#bc80bd
42081	#fdb462
42083	#fdb462
42085	#fdb462
42087	#fdb462
42089	#b3de69
42091	#fdb462
42093	#fdb462
42095	#fdb462
42097	#8dd3c7
42099	#fdb462
42101	#bc80bd
42103	#fdb462
42105	#fdb462
42107	#fccde5
42109	#fccde5
42111	#fdb462
42113	#fdb462
42115	#fdb462
42117	#fdb462
42119	#fdb462
42121	#fdb462
42123	#fdb462
42125	#fdb462
42127	#fdb462
42129	#fdb462
42131	#fdb462
42133	#fccde5
44001	#bc80bd
44003	#fb8072
44005	#bc80bd
44007	#fccde5
44009	#fdb462
45001	#8dd3c7
45003	#fccde5
45005	#8dd3c7
45007	#fccde5
45009	#bc80bd
45011	#fccde5
45013	#bc80bd
45015	#b3de69
45017	#80b1d3
45019	#bc80bd
45021	#fccde5
45023	#fccde5
45025	#fccde5
45027	#fccde5
45029	#8dd3c7
45031	#fccde5
45033	#fccde5
45035	#fccde5
45037	#8dd3c7
45039	#fccde5
45041	#fccde5
45043	#80b1d3
45045	#bc80bd
45047	#fccde5
45049	#bebada
45051	#80b1d3
45053	#8dd3c7
45055	#fccde5
45057	#fccde5
45059	#fccde5
45061	#fccde5
45063	#fccde5
45065	#fb8072
45067	#fccde5
45069	#fccde5
45071	#fccde5
45073	#fccde5
45075	#fccde5
45077	#8dd3c7
45079	#8dd3c7
45081	#fccde5
45083	#fb8072
45085	#fccde5
45087	#bc80bd
45089	#bebada
45091	#8dd3c7
46003	#8dd3c7
46005	#8dd3c7
46007	#8dd3c7
46009	#8dd3c7
46011	#8dd3c7
46013	#d9d9d9
46015	#8dd3c7
46017	#8dd3c7
46019	#8dd3c7
46021	#8dd3c7
46023	#8dd3c7
46025	#8dd3c7
46027	#d9d9d9
46029	#8dd3c7
46031	#8dd3c7
46033	#8dd3c7
46035	#8dd3c7
46037	#d9d9d9
46039	#8dd3c7
46041	#8dd3c7
46043	#80b1d3
46045	#8dd3c7
46047	#8dd3c7
46049	#8dd3c7
46051	#8dd3c7
46053	#8dd3c7
46055	#8dd3c7
46057	#ffffb3
46059	#8dd3c7
46061	#d9d9d9
46063	#8dd3c7
46065	#8dd3c7
46067	#8dd3c7
46069	#8dd3c7
46071	#8dd3c7
46073	#8dd3c7
46075	#8dd3c7
46077	#8dd3c7
46079	#ffffb3
46081	#8dd3c7
46083	#ffffb3
46085	#8dd3c7
46087	#ffffb3
46089	#8dd3c7
46091	#8dd3c7
46093	#8dd3c7
46095	#ccebc5
46097	#8dd3c7
46099	#ffffb3
46101	#8dd3c7
46102	#8dd3c7
46103	#8dd3c7
46105	#8dd3c7
46107	#8dd3c7
46109	#d9d9d9
46111	#8dd3c7
46115	#d9d9d9
46117	#8dd3c7
46119	#8dd3c7
46121	#8dd3c7
46123	#8dd3c7
46125	#8dd3c7
46127	#ffffb3
46129	#8dd3c7
46135	#8dd3c7
46137	#8dd3c7
47001	#8dd3c7
47003	#fccde5
47005	#d9d9d9
47007	#8dd3c7
47009	#8dd3c7
47011	#fccde5
47013	#8dd3c7
47015	#8dd3c7
47017	#ffffb3
47019	#8dd3c7
47021	#8dd3c7
47023	#d9d9d9
47025	#8dd3c7
47027	#fccde5
47029	#bc80bd
47031	#8dd3c7
47033	#bebada
47035	#8dd3c7
47037	#8dd3c7
47039	#8dd3c7
47041	#8dd3c7
47043	#8dd3c7
47045	#d9d9d9
47047	#bebada
47049	#fccde5
47051	#fccde5
47053	#d9d9d9
47055	#8dd3c7
47057	#8dd3c7
47059	#8dd3c7
47061	#fccde5
47063	#fccde5
47065	#8dd3c7
47067	#8dd3c7
47069	#bebada
47071	#d9d9d9
47073	#8dd3c7
47075	#bebada
47077	#8dd3c7
47079	#80b1d3
47081	#8dd3c7
47083	#8dd3c7
47085	#8dd3c7
47087	#8dd3c7
47089	#fccde5
47091	#8dd3c7
47093	#8dd3c7
47095	#d9d9d9
47097	#d9d9d9
47099	#8dd3c7
47101	#8dd3c7
47103	#8dd3c7
47105	#d9d9d9
47107	#fccde5
47109	#d9d9d9
47111	#8dd3c7
47113	#bebada
47115	#fccde5
47117	#fdb462
47119	#8dd3c7
47121	#8dd3c7
47123	#8dd3c7
47125	#8dd3c7
47127	#fccde5
47129	#fccde5
47131	#ffffb3
47133	#8dd3c7
47135	#8dd3c7
47137	#fccde5
47139	#fccde5
47141	#8dd3c7
47143	#8dd3c7
47145	#fdb462
47147	#ffffb3
47149	#8dd3c7
47151	#fccde5
47153	#8dd3c7
47155	#8dd3c7
47157	#bebada
47159	#8dd3c7
47161	#8dd3c7
47163	#8dd3c7
47165	#8dd3c7
47167	#bebada
47169	#8dd3c7
47171	#fb8072
47173	#8dd3c7
47175	#8dd3c7
47177	#b3de69
47179	#8dd3c7
47181	#8dd3c7
47183	#ffffb3
47185	#8dd3c7
47187	#8dd3c7
47189	#8dd3c7
48001	#8dd3c7
48003	#8dd3c7
48005	#fccde5
48007	#fccde5
48009	#fdb462
48011	#8dd3c7
48013	#8dd3c7
48015	#8dd3c7
48017	#8dd3c7
48019	#8dd3c7
48021	#8dd3c7
48023	#8dd3c7
48025	#8dd3c7
48027	#8dd3c7
48029	#8dd3c7
48031	#8dd3c7
48033	#8dd3c7
48035	#ccebc5
48037	#8dd3c7
48039	#8dd3c7
48041	#8dd3c7
48043	#8dd3c7
48045	#8dd3c7
48047	#8dd3c7
48049	#8dd3c7
48051	#8dd3c7
48053	#8dd3c7
48055	#fccde5
48057	#8dd3c7
48059	#8dd3c7
48061	#bebada
48063	#fccde5
48065	#ffffb3
48067	#fccde5
48069	#8dd3c7
48071	#8dd3c7
48073	#8dd3c7
48075	#8dd3c7
48077	#8dd3c7
48079	#bebada
48081	#8dd3c7
48083	#8dd3c7
48085	#8dd3c7
48087	#8dd3c7
48089	#8dd3c7
48091	#8dd3c7
48093	#fdb462
48095	#bebada
48097	#8dd3c7
48099	#8dd3c7
48101	#8dd3c7
48103	#8dd3c7
48105	#8dd3c7
48107	#bebada
48109	#8dd3c7
48111	#ffffb3
48113	#8dd3c7
48115	#bebada
48117	#8dd3c7
48119	#8dd3c7
48121	#8dd3c7
48123	#8dd3c7
48125	#8dd3c7
48127	#8dd3c7
48129	#8dd3c7
48131	#8dd3c7
48133	#8dd3c7
48135	#8dd3c7
48137	#8dd3c7
48139	#8dd3c7
48141	#fdb462
48143	#fdb462
48145	#8dd3c7
48147	#8dd3c7
48149	#8dd3c7
48151	#bebada
48153	#bebada
48155	#ccebc5
48157	#bebada
48159	#fccde5
48161	#8dd3c7
48163	#8dd3c7
48165	#bebada
48167	#8dd3c7
48169	#bebada
48171	#8dd3c7
48173	#bebada
48175	#8dd3c7
48177	#fccde5
48179	#8dd3c7
48181	#8dd3c7
48183	#8dd3c7
48185	#8dd3c7
48187	#8dd3c7
48189	#bebada
48191	#bebada
48193	#fdb462
48195	#ffffb3
48197	#8dd3c7
48199	#8dd3c7
48201	#8dd3c7
48203	#8dd3c7
48205	#8dd3c7
48207	#bebada
48209	#8dd3c7
48211	#8dd3c7
48213	#8dd3c7
48215	#bc80bd
48217	#8dd3c7
48219	#bebada
48221	#8dd3c7
48223	#fdb462
48225	#8dd3c7
48227	#bebada
48229	#bebada
48231	#8dd3c7
48233	#8dd3c7
48235	#8dd3c7
48237	#8dd3c7
48239	#8dd3c7
48241	#8dd3c7
48243	#8dd3c7
48245	#8dd3c7
48247	#8dd3c7
48249	#8dd3c7
48251	#8dd3c7
48253	#8dd3c7
48255	#8dd3c7
48257	#8dd3c7
48259	#8dd3c7
48261	#8dd3c7
48263	#8dd3c7
48265	#8dd3c7
48267	#8dd3c7
48269	#ccebc5
48271	#8dd3c7
48273	#8dd3c7
48275	#8dd3c7
48277	#8dd3c7
48279	#8dd3c7
48281	#8dd3c7
48283	#8dd3c7
48285	#8dd3c7
48287	#8dd3c7
48289	#fccde5
48291	#8dd3c7
48293	#8dd3c7
48295	#ffffb3
48297	#8dd3c7
48299	#8dd3c7
48301	#8dd3c7
48303	#bebada
48305	#bebada
48307	#8dd3c7
48309	#8dd3c7
48311	#8dd3c7
48313	#8dd3c7
48315	#8dd3c7
48317	#bebada
48319	#8dd3c7
48321	#8dd3c7
48323	#8dd3c7
48325	#8dd3c7
48327	#8dd3c7
48329	#8dd3c7
48331	#fccde5
48333	#8dd3c7
48335	#bebada
48337	#8dd3c7
48339	#8dd3c7
48341	#ffffb3
48343	#fccde5
48345	#bebada
48347	#fccde5
48349	#8dd3c7
48351	#8dd3c7
48353	#bebada
48355	#bebada
48357	#ffffb3
48359	#8dd3c7
48361	#8dd3c7
48363	#8dd3c7
48365	#fccde5
48367	#8dd3c7
48369	#8dd3c7
48371	#bc80bd
48373	#8dd3c7
48375	#8dd3c7
48377	#fb8072
48379	#8dd3c7
48381	#8dd3c7
48383	#bebada
48385	#8dd3c7
48387	#8dd3c7
48389	#fdb462
48391	#8dd3c7
48393	#8dd3c7
48395	#fccde5
48397	#8dd3c7
48399	#8dd3c7
48401	#fccde5
48403	#fccde5
48405	#fccde5
48407	#8dd3c7
48409	#bebada
48411	#8dd3c7
48413	#8dd3c7
48415	#bebada
48417	#8dd3c7
48419	#fccde5
48421	#ffffb3
48423	#8dd3c7
48425	#8dd3c7
48427	#8dd3c7
48429	#8dd3c7
48431	#8dd3c7
48433	#8dd3c7
48435	#8dd3c7
48437	#8dd3c7
48439	#8dd3c7
48441	#8dd3c7
48443	#8dd3c7
48445	#bebada
48447	#8dd3c7
48449	#fccde5
48451	#8dd3c7
48453	#8dd3c7
48455	#8dd3c7
48457	#8dd3c7
48459	#fccde5
48461	#bebada
48463	#8dd3c7
48465	#8dd3c7
48467	#8dd3c7
48469	#8dd3c7
48471	#8dd3c7
48473	#8dd3c7
48475	#8dd3c7
48477	#8dd3c7
48479	#8dd3c7
48481	#bebada
48483	#8dd3c7
48485	#8dd3c7
48487	#8dd3c7
48489	#8dd3c7
48491	#ffffb3
48493	#8dd3c7
48495	#8dd3c7
48497	#8dd3c7
48499	#fccde5
48501	#bebada
48503	#8dd3c7
48505	#000000
48507	#8dd3c7
49001	#8dd3c7
49003	#8dd3c7
49005	#fdb462
49007	#8dd3c7
49009	#80b1d3
49011	#bc80bd
49013	#8dd3c7
49015	#8dd3c7
49017	#8dd3c7
49019	#8dd3c7
49021	#8dd3c7
49023	#8dd3c7
49025	#8dd3c7
49027	#8dd3c7
49029	#8dd3c7
49031	#fdb462
49033	#8dd3c7
49035	#8dd3c7
49037	#8dd3c7
49039	#fccde5
49041	#8dd3c7
49043	#8dd3c7
49045	#fdb462
49047	#8dd3c7
49049	#8dd3c7
49051	#fdb462
49053	#8dd3c7
49055	#8dd3c7
49057	#fdb462
50001	#fdb462
50003	#fdb462
50005	#fdb462
50007	#fdb462
50009	#fdb462
50011	#fdb462
50013	#fdb462
50015	#fdb462
50017	#fdb462
50019	#fdb462
50021	#fdb462
50023	#fdb462
50025	#fdb462
50027	#fdb462
51001	#fccde5
51003	#8dd3c7
51005	#000000
51007	#fccde5
51009	#8dd3c7
51011	#8dd3c7
51015	#fccde5
51017	#fb8072
51019	#8dd3c7
51021	#8dd3c7
51023	#8dd3c7
51025	#fdb462
51027	#fdb462
51029	#fccde5
51031	#8dd3c7
51033	#ffffb3
51035	#8dd3c7
51036	#ccebc5
51037	#8dd3c7
51041	#fccde5
51043	#8dd3c7
51045	#8dd3c7
51047	#8dd3c7
51049	#fccde5
51051	#8dd3c7
51053	#fdb462
51057	#ffffb3
51059	#8dd3c7
51061	#8dd3c7
51063	#8dd3c7
51065	#8dd3c7
51067	#fdb462
51069	#fb8072
51071	#8dd3c7
51073	#d9d9d9
51075	#8dd3c7
51077	#8dd3c7
51079	#8dd3c7
51081	#bebada
51083	#80b1d3
51085	#bc80bd
51087	#d9d9d9
51089	#fdb462
51091	#fccde5
51093	#80b1d3
51095	#bc80bd
51097	#d9d9d9
51099	#bc80bd
51101	#ffffb3
51103	#ffffb3
51105	#8dd3c7
51107	#8dd3c7
51109	#8dd3c7
51111	#8dd3c7
51113	#8dd3c7
51115	#ffffb3
51117	#8dd3c7
51119	#ffffb3
51121	#8dd3c7
51125	#fb8072
51127	#d9d9d9
51131	#bc80bd
51133	#ffffb3
51135	#fccde5
51137	#8dd3c7
51139	#fccde5
51141	#8dd3c7
51143	#8dd3c7
51145	#fdb462
51147	#fccde5
51149	#d9d9d9
51153	#fdb462
51155	#8dd3c7
51157	#8dd3c7
51159	#ffffb3
51161	#8dd3c7
51163	#8dd3c7
51165	#fccde5
51167	#8dd3c7
51169	#8dd3c7
51171	#fccde5
51173	#8dd3c7
51175	#80b1d3
51177	#fdb462
51179	#8dd3c7
51181	#d9d9d9
51183	#d9d9d9
51185	#8dd3c7
51187	#8dd3c7
51191	#8dd3c7
51193	#bc80bd
51195	#8dd3c7
51197	#8dd3c7
51199	#bc80bd
51550	#d9d9d9
51800	#fccde5
51810	#d9d9d9
53001	#bc80bd
53003	#ccebc5
53005	#bc80bd
53007	#fb8072
53009	#fdb462
53011	#fdb462
53013	#ccebc5
53015	#fccde5
53017	#fb8072
53019	#8dd3c7
53021	#bc80bd
53023	#ccebc5
53025	#bc80bd
53027	#fdb462
53029	#fdb462
53031	#fdb462
53033	#fdb462
53035	#b3de69
53037	#8dd3c7
53039	#fb8072
53041	#fccde5
53043	#ccebc5
53045	#8dd3c7
53047	#fb8072
53049	#fdb462
53051	#8dd3c7
53053	#fdb462
53055	#8dd3c7
53057	#bc80bd
53059	#fb8072
53061	#fdb462
53063	#ccebc5
53065	#8dd3c7
53067	#fdb462
53069	#fdb462
53071	#ccebc5
53073	#fdb462
53075	#ccebc5
53077	#fb8072
54001	#8dd3c7
54003	#fb8072
54005	#000000
54007	#8dd3c7
54009	#8dd3c7
54011	#8dd3c7
54013	#8dd3c7
54015	#8dd3c7
54017	#8dd3c7
54019	#8dd3c7
54021	#8dd3c7
54023	#fccde5
54025	#fdb462
54027	#fb8072
54029	#8dd3c7
54031	#fccde5
54033	#8dd3c7
54035	#8dd3c7
54037	#fdb462
54039	#8dd3c7
54041	#8dd3c7
54043	#8dd3c7
54045	#8dd3c7
54047	#000000
54049	#8dd3c7
54051	#8dd3c7
54053	#8dd3c7
54055	#8dd3c7
54057	#fccde5
54059	#000000
54061	#8dd3c7
54063	#8dd3c7
54065	#8dd3c7
54067	#8dd3c7
54069	#fdb462
54071	#fccde5
54073	#8dd3c7
54075	#8dd3c7
54077	#8dd3c7
54079	#8dd3c7
54081	#8dd3c7
54083	#8dd3c7
54085	#8dd3c7
54087	#8dd3c7
54089	#ffffb3
54091	#8dd3c7
54093	#8dd3c7
54095	#8dd3c7
54097	#8dd3c7
54099	#8dd3c7
54101	#8dd3c7
54103	#8dd3c7
54105	#8dd3c7
54107	#8dd3c7
54109	#8dd3c7
55001	#bc80bd
55003	#fdb462
55005	#fdb462
55007	#fdb462
55009	#fdb462
55011	#fdb462
55013	#fdb462
55015	#fdb462
55017	#fdb462
55019	#fdb462
55021	#ffffb3
55023	#fdb462
55025	#fdb462
55027	#fdb462
55029	#fdb462
55031	#8dd3c7
55033	#fdb462
55035	#fdb462
55037	#fdb462
55039	#fdb462
55041	#8dd3c7
55043	#fdb462
55045	#fdb462
55047	#fdb462
55049	#fdb462
55051	#fdb462
55053	#fdb462
55055	#fdb462
55057	#fdb462
55059	#fdb462
55061	#fdb462
55063	#fdb462
55065	#fdb462
55067	#bc80bd
55069	#fdb462
55071	#fdb462
55073	#fdb462
55075	#fdb462
55077	#fdb462
55078	#000000
55079	#bc80bd
55081	#fdb462
55083	#fdb462
55085	#fb8072
55087	#fdb462
55089	#fdb462
55091	#fdb462
55093	#fdb462
55095	#fdb462
55097	#bc80bd
55099	#fdb462
55101	#bc80bd
55103	#fdb462
55105	#ffffb3
55107	#fdb462
55109	#fdb462
55111	#fdb462
55113	#fdb462
55115	#fdb462
55117	#fdb462
55119	#fdb462
55121	#fdb462
55123	#fdb462
55125	#fb8072
55127	#fdb462
55129	#fdb462
55131	#fdb462
55133	#fdb462
55135	#fdb462
55137	#bc80bd
55139	#fdb462
55141	#fdb462
56001	#8dd3c7
56003	#8dd3c7
56005	#8dd3c7
56007	#8dd3c7
56009	#8dd3c7
56011	#8dd3c7
56013	#8dd3c7
56015	#8dd3c7
56017	#8dd3c7
56019	#8dd3c7
56021	#ccebc5
56023	#8dd3c7
56025	#8dd3c7
56027	#8dd3c7
56029	#8dd3c7
56031	#fdb462
56033	#8dd3c7
56035	#8dd3c7
56037	#8dd3c7
56039	#8dd3c7
56041	#8dd3c7
56043	#8dd3c7
56045	#8dd3c7
